username,firstname,lastname,email
pdelsignore,Priscilla,Delsignore,priscilla.delsignore@gmail.com
awashburn,Albert,Washburn,albert.washburn@gmail.com
aknaus,Amy,Knaus,amy.knaus@gmail.com
lreber,Lisa,Reber,lisa.reber@gmail.com
trojas,Tara,Rojas,tara.rojas@gmail.com
sjay,Sharon,Jay,sharon.jay@gmail.com
msmith,Michael,Smith,michael.smith@gmail.com
shughes,Sharon,Hughes,sharon.hughes@gmail.com
cmcelwee,Candice,Mcelwee,candice.mcelwee@gmail.com
jethridge,Judy,Ethridge,judy.ethridge@gmail.com
jherrington,Joseph,Herrington,joseph.herrington@gmail.com
eloose,Eddie,Loose,eddie.loose@gmail.com
dwildes,Daniel,Wildes,daniel.wildes@gmail.com
jreynolds,Jeffrey,Reynolds,jeffrey.reynolds@gmail.com
jlewis,Julietta,Lewis,julietta.lewis@gmail.com
jperea,Josh,Perea,josh.perea@gmail.com
pstrain,Patricia,Strain,patricia.strain@gmail.com
djackson,Darlene,Jackson,darlene.jackson@gmail.com
rhayhurst,Rosa,Hayhurst,rosa.hayhurst@gmail.com
hguernsey,Helen,Guernsey,helen.guernsey@gmail.com
jperez,James,Perez,james.perez@gmail.com
jmonson,Jane,Monson,jane.monson@gmail.com
amueller,Angela,Mueller,angela.mueller@gmail.com
hgreen,Hector,Green,hector.green@gmail.com
jlee,Jesse,Lee,jesse.lee@gmail.com
dhamby,Dustin,Hamby,dustin.hamby@gmail.com
glott,Gary,Lott,gary.lott@gmail.com
ggriffis,Gene,Griffis,gene.griffis@gmail.com
mmyers,Matthew,Myers,matthew.myers@gmail.com
mtorres,Mabel,Torres,mabel.torres@gmail.com
dmeekins,Daniel,Meekins,daniel.meekins@gmail.com
eharrell,Edward,Harrell,edward.harrell@gmail.com
bholly,Bryce,Holly,bryce.holly@gmail.com
dhumphreys,David,Humphreys,david.humphreys@gmail.com
mbrooks,Michael,Brooks,michael.brooks@gmail.com
abell,Antonio,Bell,antonio.bell@gmail.com
rgolz,Rosetta,Golz,rosetta.golz@gmail.com
gharris,Ginger,Harris,ginger.harris@gmail.com
bgray,Brett,Gray,brett.gray@gmail.com
bogle,Brandi,Ogle,brandi.ogle@gmail.com
fdutton,Franklin,Dutton,franklin.dutton@gmail.com
tgibbons,Timothy,Gibbons,timothy.gibbons@gmail.com
htalbott,Harris,Talbott,harris.talbott@gmail.com
jleavitt,Jackie,Leavitt,jackie.leavitt@gmail.com
nazen,Nadine,Azen,nadine.azen@gmail.com
rmiles,Rita,Miles,rita.miles@gmail.com
bmccoy,Brian,Mccoy,brian.mccoy@gmail.com
mwilson,Mildred,Wilson,mildred.wilson@gmail.com
tkrokos,Timothy,Krokos,timothy.krokos@gmail.com
wfriesen,William,Friesen,william.friesen@gmail.com
tsmiley,Timothy,Smiley,timothy.smiley@gmail.com
afreeman,Amy,Freeman,amy.freeman@gmail.com
wgonzalez,William,Gonzalez,william.gonzalez@gmail.com
pcourtney,Priscilla,Courtney,priscilla.courtney@gmail.com
kseever,Kerry,Seever,kerry.seever@gmail.com
jgarner,Judith,Garner,judith.garner@gmail.com
glopez,Gordon,Lopez,gordon.lopez@gmail.com
gmeza,Gaylord,Meza,gaylord.meza@gmail.com
jmedel,Judy,Medel,judy.medel@gmail.com
jjones,Joseph,Jones,joseph.jones@gmail.com
lharris,Laura,Harris,laura.harris@gmail.com
bholderman,Betty,Holderman,betty.holderman@gmail.com
vharrison,Vickie,Harrison,vickie.harrison@gmail.com
mhaymond,Michael,Haymond,michael.haymond@gmail.com
ablake,Antonio,Blake,antonio.blake@gmail.com
kcavender,Keira,Cavender,keira.cavender@gmail.com
lhowarth,Lula,Howarth,lula.howarth@gmail.com
mthomas,Marilyn,Thomas,marilyn.thomas@gmail.com
mkenney,Mary,Kenney,mary.kenney@gmail.com
roswald,Russell,Oswald,russell.oswald@gmail.com
jhobby,Janie,Hobby,janie.hobby@gmail.com
pmullen,Patricia,Mullen,patricia.mullen@gmail.com
rbrooks,Richard,Brooks,richard.brooks@gmail.com
mscott,Maureen,Scott,maureen.scott@gmail.com
whart,Wanda,Hart,wanda.hart@gmail.com
rjoseph,Robert,Joseph,robert.joseph@gmail.com
bblackwell,Barbara,Blackwell,barbara.blackwell@gmail.com
oramos,Orville,Ramos,orville.ramos@gmail.com
dbombich,David,Bombich,david.bombich@gmail.com
jraposa,John,Raposa,john.raposa@gmail.com
hbennett,Harold,Bennett,harold.bennett@gmail.com
realy,Robin,Ealy,robin.ealy@gmail.com
phartranft,Paul,Hartranft,paul.hartranft@gmail.com
rebert,Ryann,Ebert,ryann.ebert@gmail.com
lmitchell,Lewis,Mitchell,lewis.mitchell@gmail.com
pdaniels,Patricia,Daniels,patricia.daniels@gmail.com
ahampton,Arlene,Hampton,arlene.hampton@gmail.com
aarcos,Ahmad,Arcos,ahmad.arcos@gmail.com
eyahna,Elisabeth,Yahna,elisabeth.yahna@gmail.com
doden,Dorothy,Oden,dorothy.oden@gmail.com
pgodfrey,Pinkie,Godfrey,pinkie.godfrey@gmail.com
msharum,Mark,Sharum,mark.sharum@gmail.com
jmorris,Jeremy,Morris,jeremy.morris@gmail.com
tcutter,Thomas,Cutter,thomas.cutter@gmail.com
ncook,Natalie,Cook,natalie.cook@gmail.com
jgiordano,Jeremy,Giordano,jeremy.giordano@gmail.com
dgeesey,Diane,Geesey,diane.geesey@gmail.com
dbooker,Donald,Booker,donald.booker@gmail.com
jcoachman,John,Coachman,john.coachman@gmail.com
ereid,Eric,Reid,eric.reid@gmail.com
afeller,Angel,Feller,angel.feller@gmail.com
tjividen,Thomas,Jividen,thomas.jividen@gmail.com
ipayton,Imelda,Payton,imelda.payton@gmail.com
jduncklee,Jesse,Duncklee,jesse.duncklee@gmail.com
dstyles,Dorothy,Styles,dorothy.styles@gmail.com
dclark,Dorothy,Clark,dorothy.clark@gmail.com
sjones,Shawanda,Jones,shawanda.jones@gmail.com
crosko,Clara,Rosko,clara.rosko@gmail.com
ceason,Cindy,Eason,cindy.eason@gmail.com
avillalpando,Amy,Villalpando,amy.villalpando@gmail.com
rtownsend,Ray,Townsend,ray.townsend@gmail.com
whernandez,Willard,Hernandez,willard.hernandez@gmail.com
rlewis,Roberta,Lewis,roberta.lewis@gmail.com
fmartin,Frances,Martin,frances.martin@gmail.com
ljordan,Loretta,Jordan,loretta.jordan@gmail.com
jmicheals,Joel,Micheals,joel.micheals@gmail.com
mdennis,Marcia,Dennis,marcia.dennis@gmail.com
cgardner,Cynthia,Gardner,cynthia.gardner@gmail.com
icooke,Inez,Cooke,inez.cooke@gmail.com
lweldon,Lori,Weldon,lori.weldon@gmail.com
lmack,Lena,Mack,lena.mack@gmail.com
rkelly,Robert,Kelly,robert.kelly@gmail.com
sarnold,Stella,Arnold,stella.arnold@gmail.com
mstuart,Martha,Stuart,martha.stuart@gmail.com
gcannaday,George,Cannaday,george.cannaday@gmail.com
ewebb,Ellen,Webb,ellen.webb@gmail.com
hmcconnell,Harriet,Mcconnell,harriet.mcconnell@gmail.com
rshepard,Rose,Shepard,rose.shepard@gmail.com
shisey,Sheila,Hisey,sheila.hisey@gmail.com
ptanner,Paul,Tanner,paul.tanner@gmail.com
hmcdaniel,Harvey,Mcdaniel,harvey.mcdaniel@gmail.com
dhoffman,Dana,Hoffman,dana.hoffman@gmail.com
evaldes,Eric,Valdes,eric.valdes@gmail.com
vpetrus,Van,Petrus,van.petrus@gmail.com
ppineda,Patty,Pineda,patty.pineda@gmail.com
mpulsifer,Muriel,Pulsifer,muriel.pulsifer@gmail.com
fnaylor,Frank,Naylor,frank.naylor@gmail.com
pselby,Peggy,Selby,peggy.selby@gmail.com
rrawls,Robin,Rawls,robin.rawls@gmail.com
pfigures,Paul,Figures,paul.figures@gmail.com
vpoore,Vernon,Poore,vernon.poore@gmail.com
rwilliams,Ray,Williams,ray.williams@gmail.com
wbowman,William,Bowman,william.bowman@gmail.com
mrenner,Merle,Renner,merle.renner@gmail.com
lwhite,Liza,White,liza.white@gmail.com
bmcmaster,Bobbie,Mcmaster,bobbie.mcmaster@gmail.com
esmith,Edward,Smith,edward.smith@gmail.com
jokajima,James,Okajima,james.okajima@gmail.com
aoverton,Alicia,Overton,alicia.overton@gmail.com
apowers,Alan,Powers,alan.powers@gmail.com
janderson,James,Anderson,james.anderson@gmail.com
scummings,Shirley,Cummings,shirley.cummings@gmail.com
bschwipps,Bruce,Schwipps,bruce.schwipps@gmail.com
nbolden,Nicholas,Bolden,nicholas.bolden@gmail.com
swilliams,Sharon,Williams,sharon.williams@gmail.com
nthornton,Nelson,Thornton,nelson.thornton@gmail.com
sbutler,Samuel,Butler,samuel.butler@gmail.com
jhutchins,Jeffrey,Hutchins,jeffrey.hutchins@gmail.com
jgrimes,Jason,Grimes,jason.grimes@gmail.com
akasprowicz,Anthony,Kasprowicz,anthony.kasprowicz@gmail.com
vwinchenbach,Virginia,Winchenbach,virginia.winchenbach@gmail.com
gbrown,Glenn,Brown,glenn.brown@gmail.com
bhilton,Beatrice,Hilton,beatrice.hilton@gmail.com
mmangione,Margaret,Mangione,margaret.mangione@gmail.com
rvaldez,Regina,Valdez,regina.valdez@gmail.com
lpittman,Laurinda,Pittman,laurinda.pittman@gmail.com
bjackson,Brandy,Jackson,brandy.jackson@gmail.com
mslade,Maria,Slade,maria.slade@gmail.com
nkron,Natalia,Kron,natalia.kron@gmail.com
lgonzales,Linda,Gonzales,linda.gonzales@gmail.com
pcomstock,Paul,Comstock,paul.comstock@gmail.com
csellers,Carl,Sellers,carl.sellers@gmail.com
mrichert,Maureen,Richert,maureen.richert@gmail.com
procha,Pauline,Rocha,pauline.rocha@gmail.com
rsurdam,Richard,Surdam,richard.surdam@gmail.com
tbrown,Tammy,Brown,tammy.brown@gmail.com
jviard,Jeanette,Viard,jeanette.viard@gmail.com
dluong,Donny,Luong,donny.luong@gmail.com
mmcmillin,Margaret,Mcmillin,margaret.mcmillin@gmail.com
bchiarello,Barry,Chiarello,barry.chiarello@gmail.com
jgertz,Jerry,Gertz,jerry.gertz@gmail.com
baubrey,Blaine,Aubrey,blaine.aubrey@gmail.com
jshelton,Jonathan,Shelton,jonathan.shelton@gmail.com
mgrainger,Marsha,Grainger,marsha.grainger@gmail.com
twray,Tonya,Wray,tonya.wray@gmail.com
tdixon,Timothy,Dixon,timothy.dixon@gmail.com
jbrokaw,Jeffrey,Brokaw,jeffrey.brokaw@gmail.com
cmontes,Cynthia,Montes,cynthia.montes@gmail.com
tfalk,Theresa,Falk,theresa.falk@gmail.com
jwolford,Justin,Wolford,justin.wolford@gmail.com
cjohnson,Cynthia,Johnson,cynthia.johnson@gmail.com
jedmonds,James,Edmonds,james.edmonds@gmail.com
cscott,Christopher,Scott,christopher.scott@gmail.com
jpaulsen,Jessica,Paulsen,jessica.paulsen@gmail.com
dmajeski,Dale,Majeski,dale.majeski@gmail.com
zwoods,Zula,Woods,zula.woods@gmail.com
rkraft,Ronald,Kraft,ronald.kraft@gmail.com
pallen,Phillip,Allen,phillip.allen@gmail.com
edominick,Elizabeth,Dominick,elizabeth.dominick@gmail.com
knewman,Kimberlee,Newman,kimberlee.newman@gmail.com
fjackson,Fatima,Jackson,fatima.jackson@gmail.com
dburrell,Dorothy,Burrell,dorothy.burrell@gmail.com
hsims,Holly,Sims,holly.sims@gmail.com
mwerner,Maria,Werner,maria.werner@gmail.com
wtate,Willie,Tate,willie.tate@gmail.com
ltorres,Lori,Torres,lori.torres@gmail.com
lcutler,Leslie,Cutler,leslie.cutler@gmail.com
jcarter,Jeanne,Carter,jeanne.carter@gmail.com
hwilson,Herbert,Wilson,herbert.wilson@gmail.com
lcobb,Linda,Cobb,linda.cobb@gmail.com
rblackburn,Robert,Blackburn,robert.blackburn@gmail.com
mruff,Mario,Ruff,mario.ruff@gmail.com
mday,Martin,Day,martin.day@gmail.com
pvega,Paul,Vega,paul.vega@gmail.com
dwilliams,Dwayne,Williams,dwayne.williams@gmail.com
ririzarry,Roderick,Irizarry,roderick.irizarry@gmail.com
rernest,Robert,Ernest,robert.ernest@gmail.com
wlewis,Wm,Lewis,wm.lewis@gmail.com
rvanaria,Raymond,Vanaria,raymond.vanaria@gmail.com
jshortridge,John,Shortridge,john.shortridge@gmail.com
skincheloe,Sheila,Kincheloe,sheila.kincheloe@gmail.com
rsettle,Richard,Settle,richard.settle@gmail.com
iperez,Isabell,Perez,isabell.perez@gmail.com
jbroenneke,John,Broenneke,john.broenneke@gmail.com
ascott,Amber,Scott,amber.scott@gmail.com
theitmann,Tony,Heitmann,tony.heitmann@gmail.com
pyousef,Patricia,Yousef,patricia.yousef@gmail.com
hortiz,Henry,Ortiz,henry.ortiz@gmail.com
eaguilar,Evelyn,Aguilar,evelyn.aguilar@gmail.com
rweimar,Rebekah,Weimar,rebekah.weimar@gmail.com
mholmes,Michael,Holmes,michael.holmes@gmail.com
hturner,Harland,Turner,harland.turner@gmail.com
galvarado,Gregory,Alvarado,gregory.alvarado@gmail.com
eadrian,Edmundo,Adrian,edmundo.adrian@gmail.com
mleslie,Mary,Leslie,mary.leslie@gmail.com
scain,Samuel,Cain,samuel.cain@gmail.com
kbozell,Kari,Bozell,kari.bozell@gmail.com
dvaldez,Donald,Valdez,donald.valdez@gmail.com
llawler,Lisa,Lawler,lisa.lawler@gmail.com
cphillips,Caroline,Phillips,caroline.phillips@gmail.com
cmuto,Charles,Muto,charles.muto@gmail.com
sbostic,Sam,Bostic,sam.bostic@gmail.com
ajackson,Angela,Jackson,angela.jackson@gmail.com
bdavis,Betty,Davis,betty.davis@gmail.com
mpatel,Megan,Patel,megan.patel@gmail.com
cwilhite,Curtis,Wilhite,curtis.wilhite@gmail.com
cderoche,Cathy,Deroche,cathy.deroche@gmail.com
mstokes,Marissa,Stokes,marissa.stokes@gmail.com
kburgess,Karl,Burgess,karl.burgess@gmail.com
lmoran,Lori,Moran,lori.moran@gmail.com
kbrick,Kimberly,Brick,kimberly.brick@gmail.com
ncharest,Nancy,Charest,nancy.charest@gmail.com
gpoirier,Gladys,Poirier,gladys.poirier@gmail.com
gmathews,George,Mathews,george.mathews@gmail.com
rjones,Rich,Jones,rich.jones@gmail.com
kdo,Karen,Do,karen.do@gmail.com
jcox,Jennifer,Cox,jennifer.cox@gmail.com
tseifert,Thomas,Seifert,thomas.seifert@gmail.com
ahouser,Anita,Houser,anita.houser@gmail.com
rhorton,Robert,Horton,robert.horton@gmail.com
hmathis,Harold,Mathis,harold.mathis@gmail.com
wdiaz,Wayne,Diaz,wayne.diaz@gmail.com
jberry,Jane,Berry,jane.berry@gmail.com
mmartin,Martin,Martin,martin.martin@gmail.com
mmanheim,Monique,Manheim,monique.manheim@gmail.com
jthomas,Joanne,Thomas,joanne.thomas@gmail.com
mcoulter,Mae,Coulter,mae.coulter@gmail.com
dcoelho,David,Coelho,david.coelho@gmail.com
lkeef,Louis,Keef,louis.keef@gmail.com
rherzog,Richard,Herzog,richard.herzog@gmail.com
fgiannakopoulo,Florence,Giannakopoulo,florence.giannakopoulo@gmail.com
dvicente,Daniel,Vicente,daniel.vicente@gmail.com
jreed,Juan,Reed,juan.reed@gmail.com
ckeane,Charley,Keane,charley.keane@gmail.com
jroy,Jonathan,Roy,jonathan.roy@gmail.com
jschneider,Jerry,Schneider,jerry.schneider@gmail.com
lbell,Lynn,Bell,lynn.bell@gmail.com
tchavez,Travis,Chavez,travis.chavez@gmail.com
sstorms,Steven,Storms,steven.storms@gmail.com
wanderson,William,Anderson,william.anderson@gmail.com
rstedman,Rafaela,Stedman,rafaela.stedman@gmail.com
ksmith,Karen,Smith,karen.smith@gmail.com
bhart,Bonnie,Hart,bonnie.hart@gmail.com
jponce,Julie,Ponce,julie.ponce@gmail.com
sknight,Sarah,Knight,sarah.knight@gmail.com
dbogan,Debra,Bogan,debra.bogan@gmail.com
lstein,Linda,Stein,linda.stein@gmail.com
apaxton,Amanda,Paxton,amanda.paxton@gmail.com
jyoungblood,Joseph,Youngblood,joseph.youngblood@gmail.com
dwitkowski,David,Witkowski,david.witkowski@gmail.com
rmcfarland,Rudolph,Mcfarland,rudolph.mcfarland@gmail.com
jdowney,June,Downey,june.downey@gmail.com
dwasson,Donald,Wasson,donald.wasson@gmail.com
acherry,Agnes,Cherry,agnes.cherry@gmail.com
gdaugherty,Gina,Daugherty,gina.daugherty@gmail.com
tlatch,Tammy,Latch,tammy.latch@gmail.com
chundley,Carl,Hundley,carl.hundley@gmail.com
rparent,Ronald,Parent,ronald.parent@gmail.com
ablair,Angelita,Blair,angelita.blair@gmail.com
mohara,Melissa,Ohara,melissa.ohara@gmail.com
jwendt,Joy,Wendt,joy.wendt@gmail.com
mreynolds,Margarita,Reynolds,margarita.reynolds@gmail.com
rdavis,Robert,Davis,robert.davis@gmail.com
jproctor,Jesse,Proctor,jesse.proctor@gmail.com
csmith,Cheryl,Smith,cheryl.smith@gmail.com
gloos,Glenda,Loos,glenda.loos@gmail.com
mkellerman,Michelle,Kellerman,michelle.kellerman@gmail.com
etorrez,Eric,Torrez,eric.torrez@gmail.com
bwalker,Beth,Walker,beth.walker@gmail.com
gtripp,Gladys,Tripp,gladys.tripp@gmail.com
rmoisan,Rosemarie,Moisan,rosemarie.moisan@gmail.com
jmarsingill,Janie,Marsingill,janie.marsingill@gmail.com
thorn,Teddy,Horn,teddy.horn@gmail.com
jjohnson,Johanna,Johnson,johanna.johnson@gmail.com
jcaldwell,Jacqueline,Caldwell,jacqueline.caldwell@gmail.com
skozlowski,Stephen,Kozlowski,stephen.kozlowski@gmail.com
lbrinkley,Larry,Brinkley,larry.brinkley@gmail.com
rperkins,Ronald,Perkins,ronald.perkins@gmail.com
jsmith,Jeffrey,Smith,jeffrey.smith@gmail.com
ldixon,Lee,Dixon,lee.dixon@gmail.com
ddean,Diane,Dean,diane.dean@gmail.com
etow,Edward,Tow,edward.tow@gmail.com
eportis,Eric,Portis,eric.portis@gmail.com
nwatkins,Nancy,Watkins,nancy.watkins@gmail.com
jcoles,Jessica,Coles,jessica.coles@gmail.com
smiraflores,Sean,Miraflores,sean.miraflores@gmail.com
ajohnson,Angela,Johnson,angela.johnson@gmail.com
lmazzocco,Lauren,Mazzocco,lauren.mazzocco@gmail.com
mwilkerson,Monique,Wilkerson,monique.wilkerson@gmail.com
ascott,Anthony,Scott,anthony.scott@gmail.com
mbostic,Mitchell,Bostic,mitchell.bostic@gmail.com
wsteiner,William,Steiner,william.steiner@gmail.com
rharris,Ralph,Harris,ralph.harris@gmail.com
pnghe,Perry,Nghe,perry.nghe@gmail.com
rbeck,Renee,Beck,renee.beck@gmail.com
tnguyen,Tabitha,Nguyen,tabitha.nguyen@gmail.com
jfritz,Joseph,Fritz,joseph.fritz@gmail.com
nkoeppen,Nancy,Koeppen,nancy.koeppen@gmail.com
bwhite,Bernard,White,bernard.white@gmail.com
mkruger,Mary,Kruger,mary.kruger@gmail.com
cross,Carl,Ross,carl.ross@gmail.com
pdiaz,Paula,Diaz,paula.diaz@gmail.com
mwalden,Myron,Walden,myron.walden@gmail.com
cduskey,Christina,Duskey,christina.duskey@gmail.com
dgalicia,Dora,Galicia,dora.galicia@gmail.com
kcasson,Karen,Casson,karen.casson@gmail.com
smorris,Stacy,Morris,stacy.morris@gmail.com
jbruce,James,Bruce,james.bruce@gmail.com
rgaspard,Richard,Gaspard,richard.gaspard@gmail.com
ktitcomb,Kenneth,Titcomb,kenneth.titcomb@gmail.com
tmooneyham,Toya,Mooneyham,toya.mooneyham@gmail.com
tknows,Timothy,Knows,timothy.knows@gmail.com
cterry,Charles,Terry,charles.terry@gmail.com
jpotter,Joshua,Potter,joshua.potter@gmail.com
rsolis,Roberto,Solis,roberto.solis@gmail.com
jortiz,Juan,Ortiz,juan.ortiz@gmail.com
ktyrone,Kristin,Tyrone,kristin.tyrone@gmail.com
rcalzada,Ruth,Calzada,ruth.calzada@gmail.com
satherton,Scott,Atherton,scott.atherton@gmail.com
dreed,Donald,Reed,donald.reed@gmail.com
ehenson,Elnora,Henson,elnora.henson@gmail.com
jcruz,Jennifer,Cruz,jennifer.cruz@gmail.com
aking,Aimee,King,aimee.king@gmail.com
mstupar,Margaret,Stupar,margaret.stupar@gmail.com
grobinson,Gary,Robinson,gary.robinson@gmail.com
manderson,Mary,Anderson,mary.anderson@gmail.com
breed,Brianne,Reed,brianne.reed@gmail.com
mshepard,Matthew,Shepard,matthew.shepard@gmail.com
soutlaw,Shirley,Outlaw,shirley.outlaw@gmail.com
rhill,Renee,Hill,renee.hill@gmail.com
jcrosby,Janine,Crosby,janine.crosby@gmail.com
dlibby,Derek,Libby,derek.libby@gmail.com
lkahl,Linda,Kahl,linda.kahl@gmail.com
jalbertson,Joann,Albertson,joann.albertson@gmail.com
ibeard,Idalia,Beard,idalia.beard@gmail.com
swerner,Shirley,Werner,shirley.werner@gmail.com
rchandler,Richard,Chandler,richard.chandler@gmail.com
gfenelus,Gary,Fenelus,gary.fenelus@gmail.com
mmoore,Mary,Moore,mary.moore@gmail.com
jfolk,Joseph,Folk,joseph.folk@gmail.com
dminich,Dorothy,Minich,dorothy.minich@gmail.com
ncoller,Nancy,Coller,nancy.coller@gmail.com
taverill,Tammy,Averill,tammy.averill@gmail.com
vturner,Vanessa,Turner,vanessa.turner@gmail.com
cdansby,Curtis,Dansby,curtis.dansby@gmail.com
bramos,Bonnie,Ramos,bonnie.ramos@gmail.com
rduckworth,Rachel,Duckworth,rachel.duckworth@gmail.com
awestcott,Alan,Westcott,alan.westcott@gmail.com
hlooney,Heath,Looney,heath.looney@gmail.com
tray,Tony,Ray,tony.ray@gmail.com
ggil,Gregory,Gil,gregory.gil@gmail.com
wgay,Winford,Gay,winford.gay@gmail.com
rhoward,Roy,Howard,roy.howard@gmail.com
epalomares,Elsie,Palomares,elsie.palomares@gmail.com
matkins,Mildred,Atkins,mildred.atkins@gmail.com
bmiller,Bradford,Miller,bradford.miller@gmail.com
ahutchinson,Alicia,Hutchinson,alicia.hutchinson@gmail.com
mmarshall,Mark,Marshall,mark.marshall@gmail.com
rhannon,Richard,Hannon,richard.hannon@gmail.com
dgreen,Donald,Green,donald.green@gmail.com
hmcmahan,Helen,Mcmahan,helen.mcmahan@gmail.com
cpoole,Cindy,Poole,cindy.poole@gmail.com
jkrahn,Jared,Krahn,jared.krahn@gmail.com
vsmith,Virgil,Smith,virgil.smith@gmail.com
tporter,Trinidad,Porter,trinidad.porter@gmail.com
mbottoms,Michael,Bottoms,michael.bottoms@gmail.com
jbell,Jacqueline,Bell,jacqueline.bell@gmail.com
pparsons,Patricia,Parsons,patricia.parsons@gmail.com
mcombs,Marilyn,Combs,marilyn.combs@gmail.com
sprewitt,Sadie,Prewitt,sadie.prewitt@gmail.com
emark,Edgar,Mark,edgar.mark@gmail.com
rbrown,Rudolph,Brown,rudolph.brown@gmail.com
twilliams,Teddy,Williams,teddy.williams@gmail.com
gchapple,Gary,Chapple,gary.chapple@gmail.com
vhead,Virginia,Head,virginia.head@gmail.com
ssims,Scott,Sims,scott.sims@gmail.com
jbieber,Jane,Bieber,jane.bieber@gmail.com
rladd,Ronald,Ladd,ronald.ladd@gmail.com
ssouthwood,Steven,Southwood,steven.southwood@gmail.com
pwaston,Patricia,Waston,patricia.waston@gmail.com
ethrockmorton,Edward,Throckmorton,edward.throckmorton@gmail.com
gblaschke,Gail,Blaschke,gail.blaschke@gmail.com
bnyman,Bradley,Nyman,bradley.nyman@gmail.com
mjohnson,Melanie,Johnson,melanie.johnson@gmail.com
rramos,Randal,Ramos,randal.ramos@gmail.com
jrosales,Jason,Rosales,jason.rosales@gmail.com
rhaywood,Renee,Haywood,renee.haywood@gmail.com
lclark,Lillie,Clark,lillie.clark@gmail.com
ewelch,Edna,Welch,edna.welch@gmail.com
mbrazil,Mary,Brazil,mary.brazil@gmail.com
mmorgan,Michael,Morgan,michael.morgan@gmail.com
rsomers,Rudy,Somers,rudy.somers@gmail.com
dcleveland,Dave,Cleveland,dave.cleveland@gmail.com
asligar,Amy,Sligar,amy.sligar@gmail.com
smonjaras,Shaun,Monjaras,shaun.monjaras@gmail.com
tsummers,Teresa,Summers,teresa.summers@gmail.com
scorrigan,Steve,Corrigan,steve.corrigan@gmail.com
smunn,Stacia,Munn,stacia.munn@gmail.com
gbrooks,Georgianna,Brooks,georgianna.brooks@gmail.com
bbobeck,Bradley,Bobeck,bradley.bobeck@gmail.com
abone,Ashley,Bone,ashley.bone@gmail.com
nbolton,Nellie,Bolton,nellie.bolton@gmail.com
lwheeler,Leah,Wheeler,leah.wheeler@gmail.com
rnicoll,Ronald,Nicoll,ronald.nicoll@gmail.com
tervin,Theresa,Ervin,theresa.ervin@gmail.com
kmorrison,Kevin,Morrison,kevin.morrison@gmail.com
daguirre,Dianna,Aguirre,dianna.aguirre@gmail.com
msong,Michael,Song,michael.song@gmail.com
bcrawford,Brian,Crawford,brian.crawford@gmail.com
alebovic,Artie,Lebovic,artie.lebovic@gmail.com
csharp,Chadwick,Sharp,chadwick.sharp@gmail.com
jsilvers,Jerry,Silvers,jerry.silvers@gmail.com
wparsons,William,Parsons,william.parsons@gmail.com
atalbert,Anna,Talbert,anna.talbert@gmail.com
kbrown,Kandace,Brown,kandace.brown@gmail.com
lhale,Letha,Hale,letha.hale@gmail.com
amiller,Amanda,Miller,amanda.miller@gmail.com
ldouglas,Luis,Douglas,luis.douglas@gmail.com
dstrange,Daniel,Strange,daniel.strange@gmail.com
ctaylor,Carol,Taylor,carol.taylor@gmail.com
lkemp,Lucia,Kemp,lucia.kemp@gmail.com
khenningsen,Kristin,Henningsen,kristin.henningsen@gmail.com
ccoon,Carlos,Coon,carlos.coon@gmail.com
rguidi,Richard,Guidi,richard.guidi@gmail.com
mochoa,Melissa,Ochoa,melissa.ochoa@gmail.com
amiles,Arthur,Miles,arthur.miles@gmail.com
mbryant,Mary,Bryant,mary.bryant@gmail.com
mmckelvey,Mark,Mckelvey,mark.mckelvey@gmail.com
msewell,Margaret,Sewell,margaret.sewell@gmail.com
mholman,Meredith,Holman,meredith.holman@gmail.com
aterry,Aimee,Terry,aimee.terry@gmail.com
jbenbow,Jennifer,Benbow,jennifer.benbow@gmail.com
adeni,Alisa,Deni,alisa.deni@gmail.com
pnelson,Patricia,Nelson,patricia.nelson@gmail.com
hsampere,Heriberto,Sampere,heriberto.sampere@gmail.com
egreen,Edward,Green,edward.green@gmail.com
fhoffman,Forrest,Hoffman,forrest.hoffman@gmail.com
jbarber,James,Barber,james.barber@gmail.com
ahudson,Annie,Hudson,annie.hudson@gmail.com
boden,Betty,Oden,betty.oden@gmail.com
vroderick,Valentina,Roderick,valentina.roderick@gmail.com
mlooper,Monica,Looper,monica.looper@gmail.com
jrosario,John,Rosario,john.rosario@gmail.com
dblock,Doris,Block,doris.block@gmail.com
swhite,Susan,White,susan.white@gmail.com
pcarrasco,Patricia,Carrasco,patricia.carrasco@gmail.com
vsanchez,Veronica,Sanchez,veronica.sanchez@gmail.com
jcombs,Janet,Combs,janet.combs@gmail.com
jgriffith,Jimmie,Griffith,jimmie.griffith@gmail.com
swhite,Shane,White,shane.white@gmail.com
msmith,Mary,Smith,mary.smith@gmail.com
ghipple,Gregory,Hipple,gregory.hipple@gmail.com
aandreozzi,Anna,Andreozzi,anna.andreozzi@gmail.com
jchaves,James,Chaves,james.chaves@gmail.com
vswift,Vera,Swift,vera.swift@gmail.com
spadmore,Shirley,Padmore,shirley.padmore@gmail.com
lbeach,Luther,Beach,luther.beach@gmail.com
sscala,Scott,Scala,scott.scala@gmail.com
fheinrich,Fe,Heinrich,fe.heinrich@gmail.com
amedina,Anna,Medina,anna.medina@gmail.com
dfeliciano,David,Feliciano,david.feliciano@gmail.com
rglymph,Ruth,Glymph,ruth.glymph@gmail.com
dnash,Daniel,Nash,daniel.nash@gmail.com
ngolden,Nancy,Golden,nancy.golden@gmail.com
pholder,Paul,Holder,paul.holder@gmail.com
rstern,Renee,Stern,renee.stern@gmail.com
rroseberry,Robert,Roseberry,robert.roseberry@gmail.com
mletchworth,Marcia,Letchworth,marcia.letchworth@gmail.com
wcurry,William,Curry,william.curry@gmail.com
mdavis,Myra,Davis,myra.davis@gmail.com
shubbard,Steve,Hubbard,steve.hubbard@gmail.com
dmeans,Dorothy,Means,dorothy.means@gmail.com
cclemons,Cindy,Clemons,cindy.clemons@gmail.com
shagy,Sherry,Hagy,sherry.hagy@gmail.com
rgriffith,Rebecca,Griffith,rebecca.griffith@gmail.com
gkowalewski,Glen,Kowalewski,glen.kowalewski@gmail.com
thinton,Tim,Hinton,tim.hinton@gmail.com
rodonnell,Ralph,Odonnell,ralph.odonnell@gmail.com
mdonaldson,Martha,Donaldson,martha.donaldson@gmail.com
jbilyeu,Jesse,Bilyeu,jesse.bilyeu@gmail.com
tfinn,Tanya,Finn,tanya.finn@gmail.com
skolar,Steven,Kolar,steven.kolar@gmail.com
hcuevas,Hosea,Cuevas,hosea.cuevas@gmail.com
mroth,Mimi,Roth,mimi.roth@gmail.com
vfields,Vera,Fields,vera.fields@gmail.com
dbranson,Dorothy,Branson,dorothy.branson@gmail.com
kartrip,Kimberlie,Artrip,kimberlie.artrip@gmail.com
cvaldez,Clara,Valdez,clara.valdez@gmail.com
abaird,Addie,Baird,addie.baird@gmail.com
jnorwood,Jacquelyn,Norwood,jacquelyn.norwood@gmail.com
emccan,Eric,Mccan,eric.mccan@gmail.com
ggillen,Gladys,Gillen,gladys.gillen@gmail.com
cgrant,Clyde,Grant,clyde.grant@gmail.com
mwood,Matthew,Wood,matthew.wood@gmail.com
kstansbury,Kristen,Stansbury,kristen.stansbury@gmail.com
struitt,Stephanie,Truitt,stephanie.truitt@gmail.com
jsears,Jesus,Sears,jesus.sears@gmail.com
knurse,Kathryn,Nurse,kathryn.nurse@gmail.com
sbyrd,Sharon,Byrd,sharon.byrd@gmail.com
emcadams,Eric,Mcadams,eric.mcadams@gmail.com
rramos,Ryan,Ramos,ryan.ramos@gmail.com
tkidd,Teresa,Kidd,teresa.kidd@gmail.com
rwoody,Robert,Woody,robert.woody@gmail.com
rrhein,Ray,Rhein,ray.rhein@gmail.com
kstith,Karri,Stith,karri.stith@gmail.com
gpfau,Garrett,Pfau,garrett.pfau@gmail.com
dmcallister,Debra,Mcallister,debra.mcallister@gmail.com
mhicks,Margaret,Hicks,margaret.hicks@gmail.com
rfett,Rebecca,Fett,rebecca.fett@gmail.com
pemily,Patricia,Emily,patricia.emily@gmail.com
dgosz,Donna,Gosz,donna.gosz@gmail.com
landress,Lula,Andress,lula.andress@gmail.com
cpennell,Carmelo,Pennell,carmelo.pennell@gmail.com
tsteele,Terence,Steele,terence.steele@gmail.com
awilliams,Alice,Williams,alice.williams@gmail.com
srodriguez,Shawn,Rodriguez,shawn.rodriguez@gmail.com
jlorona,Joshua,Lorona,joshua.lorona@gmail.com
ogarcia,Olen,Garcia,olen.garcia@gmail.com
msatterthwaite,Matthew,Satterthwaite,matthew.satterthwaite@gmail.com
jpietrowski,Joseph,Pietrowski,joseph.pietrowski@gmail.com
jcraig,Joann,Craig,joann.craig@gmail.com
tlytle,Thomas,Lytle,thomas.lytle@gmail.com
jmcgray,Juana,Mcgray,juana.mcgray@gmail.com
esproul,Edward,Sproul,edward.sproul@gmail.com
lconley,Lisa,Conley,lisa.conley@gmail.com
dmeagher,Darrell,Meagher,darrell.meagher@gmail.com
tjourdan,Trevor,Jourdan,trevor.jourdan@gmail.com
bkim,Betsy,Kim,betsy.kim@gmail.com
cwoods,Corey,Woods,corey.woods@gmail.com
clearn,Chris,Learn,chris.learn@gmail.com
lthrill,Louise,Thrill,louise.thrill@gmail.com
dhackler,Dennis,Hackler,dennis.hackler@gmail.com
csansom,Clyde,Sansom,clyde.sansom@gmail.com
tjacobs,Timothy,Jacobs,timothy.jacobs@gmail.com
ehaney,Eugene,Haney,eugene.haney@gmail.com
wjoseph,Wayne,Joseph,wayne.joseph@gmail.com
jsalido,James,Salido,james.salido@gmail.com
hramirez,Harold,Ramirez,harold.ramirez@gmail.com
jashton,Jay,Ashton,jay.ashton@gmail.com
fpayton,Frank,Payton,frank.payton@gmail.com
mturner,Marilyn,Turner,marilyn.turner@gmail.com
psage,Patrick,Sage,patrick.sage@gmail.com
bwright,Betty,Wright,betty.wright@gmail.com
mburgess,Mary,Burgess,mary.burgess@gmail.com
ccarl,Carl,Carl,carl.carl@gmail.com
wvance,William,Vance,william.vance@gmail.com
ascott,Alice,Scott,alice.scott@gmail.com
awhitney,Alberto,Whitney,alberto.whitney@gmail.com
vroses,Virginia,Roses,virginia.roses@gmail.com
walvarez,William,Alvarez,william.alvarez@gmail.com
mdebartolo,Marie,Debartolo,marie.debartolo@gmail.com
cmanville,Carol,Manville,carol.manville@gmail.com
jhoppe,Joseph,Hoppe,joseph.hoppe@gmail.com
mhyde,Moises,Hyde,moises.hyde@gmail.com
shaney,Stephanie,Haney,stephanie.haney@gmail.com
sbeachler,Shirley,Beachler,shirley.beachler@gmail.com
fschreiber,Fred,Schreiber,fred.schreiber@gmail.com
chall,Carol,Hall,carol.hall@gmail.com
jroberts,Joel,Roberts,joel.roberts@gmail.com
sfajardo,Susan,Fajardo,susan.fajardo@gmail.com
jwilson,Jennifer,Wilson,jennifer.wilson@gmail.com
jminjarez,Joseph,Minjarez,joseph.minjarez@gmail.com
gbelden,George,Belden,george.belden@gmail.com
moutman,Mary,Outman,mary.outman@gmail.com
cgant,Charles,Gant,charles.gant@gmail.com
jgreen,Jordan,Green,jordan.green@gmail.com
jmulkey,Jennifer,Mulkey,jennifer.mulkey@gmail.com
rvenable,Royce,Venable,royce.venable@gmail.com
mlopez,Michelle,Lopez,michelle.lopez@gmail.com
jburpee,Joseph,Burpee,joseph.burpee@gmail.com
vhorowitz,Veronica,Horowitz,veronica.horowitz@gmail.com
pprzygocki,Peter,Przygocki,peter.przygocki@gmail.com
jespinoza,Joseph,Espinoza,joseph.espinoza@gmail.com
ibarber,Isabel,Barber,isabel.barber@gmail.com
wsmith,William,Smith,william.smith@gmail.com
ldelarosa,Lauren,Delarosa,lauren.delarosa@gmail.com
estrong,Evelyn,Strong,evelyn.strong@gmail.com
wlawson,William,Lawson,william.lawson@gmail.com
bmajera,Billie,Majera,billie.majera@gmail.com
lritacco,Luanna,Ritacco,luanna.ritacco@gmail.com
mgrado,Martha,Grado,martha.grado@gmail.com
jculver,Jeffery,Culver,jeffery.culver@gmail.com
skeaton,Sonia,Keaton,sonia.keaton@gmail.com
lbowling,Leo,Bowling,leo.bowling@gmail.com
landerson,Lilly,Anderson,lilly.anderson@gmail.com
jnunez,John,Nunez,john.nunez@gmail.com
dcastro,Dorothy,Castro,dorothy.castro@gmail.com
jtackett,Juanita,Tackett,juanita.tackett@gmail.com
vtriffo,Vern,Triffo,vern.triffo@gmail.com
jpruett,James,Pruett,james.pruett@gmail.com
dhuston,Donny,Huston,donny.huston@gmail.com
jmends,James,Mends,james.mends@gmail.com
rhealy,Rochelle,Healy,rochelle.healy@gmail.com
jwojciak,Joseph,Wojciak,joseph.wojciak@gmail.com
jlin,Joshua,Lin,joshua.lin@gmail.com
lcarson,Lorraine,Carson,lorraine.carson@gmail.com
rmaxwell,Richard,Maxwell,richard.maxwell@gmail.com
trenova,Tammy,Renova,tammy.renova@gmail.com
barcher,Brenda,Archer,brenda.archer@gmail.com
tfavuzza,Tammy,Favuzza,tammy.favuzza@gmail.com
thaygood,Theresa,Haygood,theresa.haygood@gmail.com
vshipley,Viola,Shipley,viola.shipley@gmail.com
kpatrick,Kristina,Patrick,kristina.patrick@gmail.com
jeury,Jann,Eury,jann.eury@gmail.com
rostrowski,Robert,Ostrowski,robert.ostrowski@gmail.com
tgraham,Timothy,Graham,timothy.graham@gmail.com
lhill,Logan,Hill,logan.hill@gmail.com
jschulz,Judith,Schulz,judith.schulz@gmail.com
gtaylor,Gloria,Taylor,gloria.taylor@gmail.com
tpayton,Trisha,Payton,trisha.payton@gmail.com
fmock,Francis,Mock,francis.mock@gmail.com
aadams,Aline,Adams,aline.adams@gmail.com
mmagsayo,Mark,Magsayo,mark.magsayo@gmail.com
jkunz,Jose,Kunz,jose.kunz@gmail.com
tdowney,Tracy,Downey,tracy.downey@gmail.com
cmckay,Carol,Mckay,carol.mckay@gmail.com
kkerns,Katrina,Kerns,katrina.kerns@gmail.com
ddavis,Dean,Davis,dean.davis@gmail.com
lsepulveda,Lester,Sepulveda,lester.sepulveda@gmail.com
ppitts,Paula,Pitts,paula.pitts@gmail.com
pagudo,Phyllis,Agudo,phyllis.agudo@gmail.com
mscott,Michael,Scott,michael.scott@gmail.com
dcloer,Dorothy,Cloer,dorothy.cloer@gmail.com
tterrill,Tamie,Terrill,tamie.terrill@gmail.com
rdaniels,Robert,Daniels,robert.daniels@gmail.com
loetzel,Lena,Oetzel,lena.oetzel@gmail.com
tangel,Tommy,Angel,tommy.angel@gmail.com
ascoggins,Andrew,Scoggins,andrew.scoggins@gmail.com
cbegay,Christine,Begay,christine.begay@gmail.com
rmoster,Rebecca,Moster,rebecca.moster@gmail.com
lables,Lottie,Ables,lottie.ables@gmail.com
kfarmer,Kayla,Farmer,kayla.farmer@gmail.com
bgeorge,Brandy,George,brandy.george@gmail.com
lwhitecotton,Lara,Whitecotton,lara.whitecotton@gmail.com
wsmolka,Willard,Smolka,willard.smolka@gmail.com
rhoneycutt,Rose,Honeycutt,rose.honeycutt@gmail.com
kmcdonald,Ken,Mcdonald,ken.mcdonald@gmail.com
msparks,Marion,Sparks,marion.sparks@gmail.com
mschroeder,Melody,Schroeder,melody.schroeder@gmail.com
planzi,Paulette,Lanzi,paulette.lanzi@gmail.com
rmaruschak,Ronald,Maruschak,ronald.maruschak@gmail.com
jclark,Jules,Clark,jules.clark@gmail.com
kbossert,Kelly,Bossert,kelly.bossert@gmail.com
bgomez,Brenda,Gomez,brenda.gomez@gmail.com
dwilliams,Debbie,Williams,debbie.williams@gmail.com
gmerrill,Garland,Merrill,garland.merrill@gmail.com
kward,Kathy,Ward,kathy.ward@gmail.com
kteel,Kathy,Teel,kathy.teel@gmail.com
lwalter,Lawrence,Walter,lawrence.walter@gmail.com
njelinek,Nellie,Jelinek,nellie.jelinek@gmail.com
tsallee,Tommy,Sallee,tommy.sallee@gmail.com
ktucker,Kenneth,Tucker,kenneth.tucker@gmail.com
lbailey,Lula,Bailey,lula.bailey@gmail.com
jdawson,Jesus,Dawson,jesus.dawson@gmail.com
djohnson,Delfina,Johnson,delfina.johnson@gmail.com
mcholico,Melissa,Cholico,melissa.cholico@gmail.com
kmartin,Kimberly,Martin,kimberly.martin@gmail.com
trazo,Thomas,Razo,thomas.razo@gmail.com
spiacente,Sara,Piacente,sara.piacente@gmail.com
bkendra,Brian,Kendra,brian.kendra@gmail.com
kbradford,Kathleen,Bradford,kathleen.bradford@gmail.com
lbrown,Loretta,Brown,loretta.brown@gmail.com
fwade,Fred,Wade,fred.wade@gmail.com
aleblanc,Anthony,Leblanc,anthony.leblanc@gmail.com
pschuch,Paula,Schuch,paula.schuch@gmail.com
lpalmer,Luther,Palmer,luther.palmer@gmail.com
jlake,Jesse,Lake,jesse.lake@gmail.com
lmiller,Lawrence,Miller,lawrence.miller@gmail.com
hterry,Hilda,Terry,hilda.terry@gmail.com
tcoates,Teodora,Coates,teodora.coates@gmail.com
blemons,Bette,Lemons,bette.lemons@gmail.com
aalnutt,Alice,Alnutt,alice.alnutt@gmail.com
jsteins,Jason,Steins,jason.steins@gmail.com
epatterson,Elaine,Patterson,elaine.patterson@gmail.com
tmays,Thomas,Mays,thomas.mays@gmail.com
lmcguire,Lori,Mcguire,lori.mcguire@gmail.com
jcabrera,Jonathan,Cabrera,jonathan.cabrera@gmail.com
slam,Stephen,Lam,stephen.lam@gmail.com
gjinks,Gail,Jinks,gail.jinks@gmail.com
jgreer,Joseph,Greer,joseph.greer@gmail.com
lmunoz,Lance,Munoz,lance.munoz@gmail.com
ebaksh,Ernest,Baksh,ernest.baksh@gmail.com
csoto,Candice,Soto,candice.soto@gmail.com
mgurley,Marc,Gurley,marc.gurley@gmail.com
breed,Bradley,Reed,bradley.reed@gmail.com
vwilliam,Vernon,William,vernon.william@gmail.com
jadams,Jimmy,Adams,jimmy.adams@gmail.com
hray,Harold,Ray,harold.ray@gmail.com
fmoreno,Frances,Moreno,frances.moreno@gmail.com
jbitner,Joe,Bitner,joe.bitner@gmail.com
dleith,Diane,Leith,diane.leith@gmail.com
jmontemayor,John,Montemayor,john.montemayor@gmail.com
tbrown,Tony,Brown,tony.brown@gmail.com
dschneider,Damaris,Schneider,damaris.schneider@gmail.com
gmccaskill,George,Mccaskill,george.mccaskill@gmail.com
aayala,Albert,Ayala,albert.ayala@gmail.com
wwhite,William,White,william.white@gmail.com
cschwerdtfeger,Christopher,Schwerdtfeger,christopher.schwerdtfeger@gmail.com
gallen,Garry,Allen,garry.allen@gmail.com
allewellyn,Alma,Llewellyn,alma.llewellyn@gmail.com
aholmes,Amanda,Holmes,amanda.holmes@gmail.com
pnewell,Patricia,Newell,patricia.newell@gmail.com
sbrooks,Stephanie,Brooks,stephanie.brooks@gmail.com
smanheim,Stacey,Manheim,stacey.manheim@gmail.com
fmckinney,Felicia,Mckinney,felicia.mckinney@gmail.com
jziglar,Josie,Ziglar,josie.ziglar@gmail.com
droark,Deborah,Roark,deborah.roark@gmail.com
lcrowe,Levi,Crowe,levi.crowe@gmail.com
sjohnsen,Shirley,Johnsen,shirley.johnsen@gmail.com
cjohnson,Calvin,Johnson,calvin.johnson@gmail.com
jbuske,Jack,Buske,jack.buske@gmail.com
hjewett,Herminia,Jewett,herminia.jewett@gmail.com
aomara,Andrea,Omara,andrea.omara@gmail.com
gkepler,Griselda,Kepler,griselda.kepler@gmail.com
clarson,Connie,Larson,connie.larson@gmail.com
mkaufman,Micheal,Kaufman,micheal.kaufman@gmail.com
gmccowan,Gerard,Mccowan,gerard.mccowan@gmail.com
jpenn,Joel,Penn,joel.penn@gmail.com
amooreland,Alfredo,Mooreland,alfredo.mooreland@gmail.com
wsmiley,William,Smiley,william.smiley@gmail.com
lmiller,Leonel,Miller,leonel.miller@gmail.com
pgreen,Peter,Green,peter.green@gmail.com
vcarmichael,Vicki,Carmichael,vicki.carmichael@gmail.com
mthornbury,Michael,Thornbury,michael.thornbury@gmail.com
wanderson,William,Anderson,william.anderson@gmail.com
rwyatt,Rose,Wyatt,rose.wyatt@gmail.com
hdewitt,Hettie,Dewitt,hettie.dewitt@gmail.com
sdender,Shirley,Dender,shirley.dender@gmail.com
bsawyer,Brad,Sawyer,brad.sawyer@gmail.com
atrinka,Adam,Trinka,adam.trinka@gmail.com
rmorris,Ronald,Morris,ronald.morris@gmail.com
mmeyers,Mayra,Meyers,mayra.meyers@gmail.com
aatwood,Alejandra,Atwood,alejandra.atwood@gmail.com
dpearson,David,Pearson,david.pearson@gmail.com
vkorando,Veronica,Korando,veronica.korando@gmail.com
dpoindexter,Delores,Poindexter,delores.poindexter@gmail.com
arackley,Alan,Rackley,alan.rackley@gmail.com
wgrimes,Wendy,Grimes,wendy.grimes@gmail.com
fstout,Felix,Stout,felix.stout@gmail.com
mwood,Mildred,Wood,mildred.wood@gmail.com
mvarela,Melissa,Varela,melissa.varela@gmail.com
pvollstedt,Patrick,Vollstedt,patrick.vollstedt@gmail.com
dmadrigal,Donald,Madrigal,donald.madrigal@gmail.com
vditmars,Vickie,Ditmars,vickie.ditmars@gmail.com
adeiss,Anne,Deiss,anne.deiss@gmail.com
jbergin,Jose,Bergin,jose.bergin@gmail.com
bbarger,Bradley,Barger,bradley.barger@gmail.com
jwright,Janie,Wright,janie.wright@gmail.com
hakers,Hilario,Akers,hilario.akers@gmail.com
hjones,Harold,Jones,harold.jones@gmail.com
jcash,Joe,Cash,joe.cash@gmail.com
kking,Keith,King,keith.king@gmail.com
lernst,Leo,Ernst,leo.ernst@gmail.com
gmorrison,Glenda,Morrison,glenda.morrison@gmail.com
kking,Katheleen,King,katheleen.king@gmail.com
bhernandez,Brenda,Hernandez,brenda.hernandez@gmail.com
ddellinger,David,Dellinger,david.dellinger@gmail.com
dklein,Dennis,Klein,dennis.klein@gmail.com
mmarenco,Margaret,Marenco,margaret.marenco@gmail.com
hjackson,Henry,Jackson,henry.jackson@gmail.com
tedward,Tia,Edward,tia.edward@gmail.com
wmartinez,William,Martinez,william.martinez@gmail.com
mperry,Mildred,Perry,mildred.perry@gmail.com
wcaraballo,William,Caraballo,william.caraballo@gmail.com
cporat,Claud,Porat,claud.porat@gmail.com
dborton,Donna,Borton,donna.borton@gmail.com
bmartin,Bobby,Martin,bobby.martin@gmail.com
blackey,Brian,Lackey,brian.lackey@gmail.com
ageppert,Anthony,Geppert,anthony.geppert@gmail.com
jdearth,Jessica,Dearth,jessica.dearth@gmail.com
cnorris,Clara,Norris,clara.norris@gmail.com
tvalado,Tessa,Valado,tessa.valado@gmail.com
fclay,Frederick,Clay,frederick.clay@gmail.com
crivera,Cynthia,Rivera,cynthia.rivera@gmail.com
sstanton,Sabrina,Stanton,sabrina.stanton@gmail.com
cshepherd,Christine,Shepherd,christine.shepherd@gmail.com
pthomas,Pierre,Thomas,pierre.thomas@gmail.com
prowold,Philip,Rowold,philip.rowold@gmail.com
kjones,Kathy,Jones,kathy.jones@gmail.com
lramos,Lucy,Ramos,lucy.ramos@gmail.com
milliano,Martha,Illiano,martha.illiano@gmail.com
wwallace,William,Wallace,william.wallace@gmail.com
sgarcia,Sally,Garcia,sally.garcia@gmail.com
staylor,Shannon,Taylor,shannon.taylor@gmail.com
oshanholtzer,Owen,Shanholtzer,owen.shanholtzer@gmail.com
asanders,Alice,Sanders,alice.sanders@gmail.com
cmorgan,Christina,Morgan,christina.morgan@gmail.com
vfreeman,Vicki,Freeman,vicki.freeman@gmail.com
wtobey,Willie,Tobey,willie.tobey@gmail.com
bdavis,Benjamin,Davis,benjamin.davis@gmail.com
tellis,Tina,Ellis,tina.ellis@gmail.com
rmack,Robert,Mack,robert.mack@gmail.com
vtorres,Veronica,Torres,veronica.torres@gmail.com
lroberts,Lowell,Roberts,lowell.roberts@gmail.com
alair,Andrew,Lair,andrew.lair@gmail.com
lschmidt,Lamar,Schmidt,lamar.schmidt@gmail.com
mmoor,Michael,Moor,michael.moor@gmail.com
smaynard,Sandra,Maynard,sandra.maynard@gmail.com
redwards,Robert,Edwards,robert.edwards@gmail.com
dstubbs,Darrell,Stubbs,darrell.stubbs@gmail.com
mcoach,Maria,Coach,maria.coach@gmail.com
jgray,James,Gray,james.gray@gmail.com
jsimone,Jose,Simone,jose.simone@gmail.com
tblake,Thomas,Blake,thomas.blake@gmail.com
klai,Kristie,Lai,kristie.lai@gmail.com
dsawyer,Dale,Sawyer,dale.sawyer@gmail.com
bgreenwald,Boris,Greenwald,boris.greenwald@gmail.com
lkneip,Lacey,Kneip,lacey.kneip@gmail.com
crobledo,Charles,Robledo,charles.robledo@gmail.com
kriddle,Kevin,Riddle,kevin.riddle@gmail.com
ebarker,Edwina,Barker,edwina.barker@gmail.com
srabinowitz,Sandra,Rabinowitz,sandra.rabinowitz@gmail.com
emaxwell,Elizabeth,Maxwell,elizabeth.maxwell@gmail.com
rlindsley,Ruby,Lindsley,ruby.lindsley@gmail.com
bparker,Brandy,Parker,brandy.parker@gmail.com
rsmith,Rick,Smith,rick.smith@gmail.com
jbelanger,James,Belanger,james.belanger@gmail.com
vlopez,Vickie,Lopez,vickie.lopez@gmail.com
wli,William,Li,william.li@gmail.com
aquintero,Alexandra,Quintero,alexandra.quintero@gmail.com
pwagner,Peter,Wagner,peter.wagner@gmail.com
gweaver,Geneva,Weaver,geneva.weaver@gmail.com
lcalderon,Len,Calderon,len.calderon@gmail.com
shensley,Shannon,Hensley,shannon.hensley@gmail.com
kwhite,Katherine,White,katherine.white@gmail.com
jkline,Joseph,Kline,joseph.kline@gmail.com
mblatz,Mildred,Blatz,mildred.blatz@gmail.com
pbrown,Patrick,Brown,patrick.brown@gmail.com
cendsley,Christina,Endsley,christina.endsley@gmail.com
drau,Douglas,Rau,douglas.rau@gmail.com
lrediger,Linda,Rediger,linda.rediger@gmail.com
lmccrory,Lois,Mccrory,lois.mccrory@gmail.com
rlopez,Ruth,Lopez,ruth.lopez@gmail.com
tholifield,Terry,Holifield,terry.holifield@gmail.com
bclosson,Barbara,Closson,barbara.closson@gmail.com
gshuffler,Glenda,Shuffler,glenda.shuffler@gmail.com
rduckey,Ruth,Duckey,ruth.duckey@gmail.com
jshope,Jay,Shope,jay.shope@gmail.com
fethridge,Frank,Ethridge,frank.ethridge@gmail.com
hwhite,Harriet,White,harriet.white@gmail.com
cmccullen,Curtis,Mccullen,curtis.mccullen@gmail.com
sstory,Socorro,Story,socorro.story@gmail.com
dbuckner,Derrick,Buckner,derrick.buckner@gmail.com
adarby,Alfred,Darby,alfred.darby@gmail.com
bmurphy,Betty,Murphy,betty.murphy@gmail.com
smalone,Shannon,Malone,shannon.malone@gmail.com
szant,Steven,Zant,steven.zant@gmail.com
sreed,Steven,Reed,steven.reed@gmail.com
bmessano,Brian,Messano,brian.messano@gmail.com
dclarke,Doris,Clarke,doris.clarke@gmail.com
mshone,Michael,Shone,michael.shone@gmail.com
mhenry,Malcolm,Henry,malcolm.henry@gmail.com
acoronado,Angela,Coronado,angela.coronado@gmail.com
dmiller,Duane,Miller,duane.miller@gmail.com
mseger,Mary,Seger,mary.seger@gmail.com
gtropea,Grace,Tropea,grace.tropea@gmail.com
gjohnson,Gloria,Johnson,gloria.johnson@gmail.com
strogdon,Stephanie,Trogdon,stephanie.trogdon@gmail.com
tgoessl,Theresa,Goessl,theresa.goessl@gmail.com
mbonham,Micheal,Bonham,micheal.bonham@gmail.com
dhumann,Don,Humann,don.humann@gmail.com
nwinton,Nancy,Winton,nancy.winton@gmail.com
kjohnston,Kendra,Johnston,kendra.johnston@gmail.com
fbrown,Frances,Brown,frances.brown@gmail.com
rmyers,Renee,Myers,renee.myers@gmail.com
vmartinez,Vernon,Martinez,vernon.martinez@gmail.com
dclarke,Debra,Clarke,debra.clarke@gmail.com
mburlew,Marilyn,Burlew,marilyn.burlew@gmail.com
jpospisil,John,Pospisil,john.pospisil@gmail.com
dcarey,Duane,Carey,duane.carey@gmail.com
jbrown,Jason,Brown,jason.brown@gmail.com
mhooper,Melissa,Hooper,melissa.hooper@gmail.com
mthompson,Mary,Thompson,mary.thompson@gmail.com
smctigue,Stella,Mctigue,stella.mctigue@gmail.com
jalls,John,Alls,john.alls@gmail.com
rdejesus,Richard,Dejesus,richard.dejesus@gmail.com
brodriguez,Brent,Rodriguez,brent.rodriguez@gmail.com
csmith,Courtney,Smith,courtney.smith@gmail.com
jfriel,Jamar,Friel,jamar.friel@gmail.com
ablack,Andrew,Black,andrew.black@gmail.com
ksalinas,Karrie,Salinas,karrie.salinas@gmail.com
ahansen,Anthony,Hansen,anthony.hansen@gmail.com
jreid,John,Reid,john.reid@gmail.com
jrichardson,John,Richardson,john.richardson@gmail.com
rgonzalez,Richard,Gonzalez,richard.gonzalez@gmail.com
msmyth,Michael,Smyth,michael.smyth@gmail.com
lrasmussen,Lisa,Rasmussen,lisa.rasmussen@gmail.com
aberger,Andrea,Berger,andrea.berger@gmail.com
jneal,Joanna,Neal,joanna.neal@gmail.com
cbascomb,Chad,Bascomb,chad.bascomb@gmail.com
rgarcia,Russell,Garcia,russell.garcia@gmail.com
sthrash,Shannon,Thrash,shannon.thrash@gmail.com
tcunningham,Thomas,Cunningham,thomas.cunningham@gmail.com
swarren,Stewart,Warren,stewart.warren@gmail.com
jainslie,Jose,Ainslie,jose.ainslie@gmail.com
apagel,Abigail,Pagel,abigail.pagel@gmail.com
alunsford,Adriana,Lunsford,adriana.lunsford@gmail.com
gbermudez,Greg,Bermudez,greg.bermudez@gmail.com
crosamond,Carl,Rosamond,carl.rosamond@gmail.com
dturner,Danny,Turner,danny.turner@gmail.com
pbaker,Paula,Baker,paula.baker@gmail.com
mbenge,Marie,Benge,marie.benge@gmail.com
fgaines,Florence,Gaines,florence.gaines@gmail.com
jhiguera,James,Higuera,james.higuera@gmail.com
jbelizaire,John,Belizaire,john.belizaire@gmail.com
ngarcia,Nicholas,Garcia,nicholas.garcia@gmail.com
wstewart,Wayne,Stewart,wayne.stewart@gmail.com
arussell,Anthony,Russell,anthony.russell@gmail.com
jhartage,John,Hartage,john.hartage@gmail.com
gthompson,Gwen,Thompson,gwen.thompson@gmail.com
acotman,Amparo,Cotman,amparo.cotman@gmail.com
tisaacs,Tonya,Isaacs,tonya.isaacs@gmail.com
brieser,Barbara,Rieser,barbara.rieser@gmail.com
fkiel,Florence,Kiel,florence.kiel@gmail.com
gmejia,Glenn,Mejia,glenn.mejia@gmail.com
ghorton,Glenda,Horton,glenda.horton@gmail.com
lzabinski,Lindsey,Zabinski,lindsey.zabinski@gmail.com
trhodes,Thurman,Rhodes,thurman.rhodes@gmail.com
mfelps,Marquerite,Felps,marquerite.felps@gmail.com
jrobertson,Jason,Robertson,jason.robertson@gmail.com
lbarness,Louise,Barness,louise.barness@gmail.com
hschulte,Henry,Schulte,henry.schulte@gmail.com
vbilliter,Valeria,Billiter,valeria.billiter@gmail.com
ascovil,Aaron,Scovil,aaron.scovil@gmail.com
jpratt,Jeremy,Pratt,jeremy.pratt@gmail.com
sboulton,Sonia,Boulton,sonia.boulton@gmail.com
ahoard,Annette,Hoard,annette.hoard@gmail.com
schan,Stephanie,Chan,stephanie.chan@gmail.com
jsmith,Joy,Smith,joy.smith@gmail.com
jharris,Jordan,Harris,jordan.harris@gmail.com
mmartinez,Michael,Martinez,michael.martinez@gmail.com
mlott,Margaret,Lott,margaret.lott@gmail.com
phancock,Peter,Hancock,peter.hancock@gmail.com
mrobinson,Marsha,Robinson,marsha.robinson@gmail.com
rryan,Robert,Ryan,robert.ryan@gmail.com
bcornett,Brianna,Cornett,brianna.cornett@gmail.com
treed,Tina,Reed,tina.reed@gmail.com
tbaker,Todd,Baker,todd.baker@gmail.com
aberger,Andrew,Berger,andrew.berger@gmail.com
ehill,Elizabeth,Hill,elizabeth.hill@gmail.com
jforde,Jessica,Forde,jessica.forde@gmail.com
bpena,Beth,Pena,beth.pena@gmail.com
trosario,Thomas,Rosario,thomas.rosario@gmail.com
apena,Antonette,Pena,antonette.pena@gmail.com
mfox,Marian,Fox,marian.fox@gmail.com
jsmith,Judith,Smith,judith.smith@gmail.com
gpearson,Garth,Pearson,garth.pearson@gmail.com
mferguson,Matthew,Ferguson,matthew.ferguson@gmail.com
lking,Larry,King,larry.king@gmail.com
alewis,Anthony,Lewis,anthony.lewis@gmail.com
mmedlin,Mike,Medlin,mike.medlin@gmail.com
cprejean,Charley,Prejean,charley.prejean@gmail.com
amcnolty,Alton,Mcnolty,alton.mcnolty@gmail.com
jforsyth,John,Forsyth,john.forsyth@gmail.com
mholloman,Michael,Holloman,michael.holloman@gmail.com
lhernandez,Lavonne,Hernandez,lavonne.hernandez@gmail.com
vhernandez,Viola,Hernandez,viola.hernandez@gmail.com
fhidinger,Frank,Hidinger,frank.hidinger@gmail.com
gnilsson,Geraldine,Nilsson,geraldine.nilsson@gmail.com
pdavis,Patricia,Davis,patricia.davis@gmail.com
